roll,code
200107026,HS 247
200121045,HS 222
200123083,HS 218
200101115,HS 251
200101086,HS 251
200102034,HS 251
200205052,HS 247
200101117,HS 247
200123019,HS 247
200101002,HS 251
200205039,HS 218
200101015,HS 222
200102009,HS 247
200101062,HS 251
200101123,HS 251
200101040,HS 218
200122003,HS 233
200101076,HS 218
200101036,HS 218
200101027,HS 218
200102032,HS 218
200122037,HS 247
200101003,HS 218
200102087,HS 247
200123076,HS 251
200103047,HS 218
200101069,HS 218
200101105,HS 251
200102070,HS 239
200101116,HS 239
200101011,HS 239
200123007,HS 251
200101120,HS 218
200108053,HS 239
200101082,HS 233
200101118,HS 239
200102071,HS 248
200123050,HS 239
200101085,HS 218
200101087,HS 222
200101101,HS 218
200103005,HS 239
200101081,HS 222
200123080,HS 251
200107086,HS 233
200101108,HS 218
200104001,HS 218
200101103,HS 233
200102042,HS 235
200121027,HS 202
200102092,HS 248
200102090,HS 248
200102020,HS 218
200123036,HS 251
200101122,HS 239
200101121,HS 218
200107088,HS 202
200101073,HS 251
200101001,HS 251
200101091,HS 218
200102106,HS 251
200101038,HS 233
200123026,HS 251
200101125,HS 239
200121023,HS 222
200102072,HS 233
200107012,HS 202
200101124,HS 218
200123081,HS 233
200102113,HS 233
200123002,HS 251
200101084,HS 233
200102067,HS 218
200108042,HS 233
200103045,HS 218
200104072,HS 218
200121059,HS 202
200104039,HS 248
200101031,HS 218
200102041,HS 218
200122023,HS 218
200122005,HS 233
200108056,HS 218
200108011,HS 247
200108063,HS 233
200102028,HS 218
200101008,HS 218
200106057,HS 202
200121003,HS 233
200108052,HS 218
200103110,HS 233
200102001,HS 251
200102097,HS 218
200123077,HS 218
200101104,HS 218
200101025,HS 218
200101096,HS 239
200121063,HS 218
200103030,HS 233
200101053,HS 248
200102095,HS 218
200121022,HS 251
200122042,HS 247
200101119,HS 239
200102107,HS 251
200101056,HS 251
200102109,HS 251
200205040,HS 222
200101079,HS 251
200122004,HS 247
200107089,HS 233
200103071,HS 233
200102004,HS 218
200101064,HS 251
200108066,HS 218
200123006,HS 239
200123055,HS 233
200102008,HS 233
200107097,HS 233
200122022,HS 233
200103128,HS 233
200106044,HS 218
200102081,HS 251
200107099,HS 218
200107100,HS 233
200122057,HS 233
200104036,HS 248
200102118,HS 218
200121049,HS 222
200101097,HS 218
200103069,HS 218
200103131,HS 218
200121018,HS 239
200205046,HS 222
200122032,HS 218
200108027,HS 202
200102074,HS 233
200121010,HS 239
200205030,HS 239  
200101020,HS 233
200101039,HS 233  
200121015,HS 218
200101032,HS 218
200101051,HS 218
200123079,HS 218
200123054,HS 251
200102016,HS 233
200101090,HS 218
200102104,HS 218
200106019,HS 218
200103115,HS 233
200123025,HS 218
200107039,HS 202
200103094,HS 233
200123043,HS 202
200106050,HS 233
200102038,HS 218
200102048,HS 218
200101111,HS 248
200107057,HS 202
200121050,HS 233
200121038,HS 233
200101060,HS 247
200121031,HS 233
200123035,HS 202
200123045,HS 235
200101046,HS 233
200205003,HS 218
200102082,HS 251
200101019,HS 248
200102115,HS 233
200104066,HS 233
200107085,HS 222
200205034,HS 202
200108065,HS 233
200205037,HS 235
200121053,HS 251
200102112,HS 233
200102011,HS 239
200123018,HS 239
200122051,HS 218
200123005,HS 218
200101112,HS 233
200107003,HS 233
200103120,HS 218
200205010,HS 233
200103114,HS 233
200107061,HS 248
200122021,HS 247
200102091,HS 233
200122011,HS 248
200108062,HS 218
200205024,HS 218
200108064,HS 251
200103125,HS 218
200102018,HS 218
200106024,HS 202
200102073,HS 248
200122008,HS 239
200103012,HS 233
200108061,HS 247
200123004,HS 247
200106055,HS 218
200123013,HS 202
200102075,HS 218
200121001,HS 222
200103062,HS 233
200102117,HS 233
200104079,HS 248
200102057,HS 233
200107055,HS 233
200101070,HS 218
200106071,HS 233
200102005,HS 233
200103017,HS 218
200103123,HS 233
200106021,HS 218
200102099,HS 233
200102046,HS 233
200103010,HS 233
200121062,HS 233
200107066,HS 233
200103124,HS 202
200103116,HS 251
200101050,HS 218
200102068,HS 247
200122029,HS 222
200101009,HS 248
200101037,HS 218
200123073,HS 247
200101022,HS 239
200101018,HS 218
200121039,HS 202
200102012,HS 222
200123059,HS 218
200107021,HS 233
200101113,HS 233
200101052,HS 218
200101114,HS 218
200101044,HS 248
200102043,HS 218
200122014,HS 218
200123072,HS 218
200108001,HS 218
200104076,HS 233
200121004,HS 222
200102093,HS 233
200121037,HS 202
200205001,HS 218
200101094,HS 218
200101093,HS 251
200101107,HS 218
200107005,HS 202
200103078,HS 233
200102026,HS 233
200123074,HS 233
200205047,HS 235
200122059,HS 233
200103008,HS 233
200205049,HS 233
200122054,HS 235
200103083,HS 218
200123020,HS 251
200108068,HS 218
200103102,HS 222
200104092,HS 233
200121014,HS 218
200121026,HS 218
200104003,HS 233
200103107,HS 239
200101098,HS 218
200106060,HS 218
200104031,HS 233
200101080,HS 239
200123033,HS 218
200104084,HS 218
200107098,HS 248
200101092,HS 233
200107056,HS 233
200123022,HS 251
200107001,HS 233
200102015,HS 218
200102031,HS 218
200121032,HS 247
200102023,HS 218
200107050,HS 218
200107045,HS 233
200107096,HS 233
200103044,HS 218
200102060,HS 233
200123040,HS 218
200108039,HS 218
200106069,HS 239
200106070,HS 248
200107095,HS 233
200123065,HS 233
200103011,HS 218
200106045,HS 202
200102096,HS 218
200103122,HS 218
200103109,HS 218
200106005,HS 248
200102014,HS 218
200103061,HS 218
200101024,HS 233
200104071,HS 218
200106027,HS 248
200101010,HS 222
200104113,HS 233
200101055,HS 233
200121061,HS 233
200108038,HS 239
200101026,HS 248
200106072,HS 233
200108041,HS 233
200123028,HS 202
200123056,HS 251
200123061,HS 202
200101058,HS 233
200101066,HS 248
200103055,HS 233
200205015,HS 233
200101016,HS 248
200205009,HS 233
200104050,HS 251
200205022,HS 233
200102050,HS 239
200205019,HS 233
200205013,HS 233
200108003,HS 233
200104029,HS 248
200103003,HS 233
200123037,HS 247
200101083,HS 239
200103009,HS 233
200103112,HS 233
200103052,HS 233
200108072,HS 251
200103111,HS 233
200103065,HS 233
200104089,HS 248
200122045,HS 233
200107035,HS 233
200104045,HS 248
200121051,HS 248
200102111,HS 248
200106009,HS 251
200104019,HS 247
200101075,HS 251
200104037,HS 248
200123023,HS 251
200121043,HS 247
200103037,HS 248
200104100,HS 247
200104015,HS 248
200103046,HS 251
200121058,HS 222
200123044,HS 248
200103113,HS 247
200122043,HS 248
200101054,HS 239
200123001,HS 247
200106020,HS 239
200123058,HS 251
200107041,HS 248
200122027,HS 248
200107032,HS 248
200104033,HS 248
200102063,HS 248
200101102,HS 222
200107053,HS 202
200103057,HS 251
200103133,HS 248
200104008,HS 248
200122002,HS 248
200102061,HS 248
200104087,HS 248
200106058,HS 251
200123067,HS 202
200123047,HS 247
200106042,HS 247
200104042,HS 248
200104035,HS 251
200107024,HS 202
200102036,HS 248
200122038,HS 248
200101109,HS 248
200103067,HS 248
200104068,HS 247
200104083,HS 222
200121030,HS 239
200104055,HS 251
200103100,HS 248
200108009,HS 248
200106056,HS 235
200102027,HS 251
200104051,HS 239
200123082,HS 248
200106004,HS 251
200106043,HS 248
200121028,HS 248
200102086,HS 251
200107071,HS 239
200104104,HS 248
200123032,HS 251
200101033,HS 248
200106038,HS 247
200103098,HS 248
200103103,HS 248
200107065,HS 239
200101106,HS 248
200101099,HS 202
200107004,HS 222
200103135,HS 222
200106003,HS 247
200102035,HS 247
200123010,HS 202
200123034,HS 247
200123027,HS 202
200104053,HS 248
200123053,HS 248
200101078,HS 202
200123003,HS 202
200205023,HS 248
200102108,HS 251
200122031,HS 222
200205042,HS 247
200106037,HS 248
200108045,HS 248
200205025,HS 222
200101100,HS 248
200123063,HS 248
200121016,HS 247
200102110,HS 202
200102085,HS 251
200108016,HS 251
200205026,HS 222
200107090,HS 248
200101061,HS 248
200103117,HS 248
200107052,HS 248
200205007,HS 248
200104021,HS 251
200102116,HS 248
200107017,HS 202
200103118,HS 251
200123029,HS 251
200103074,HS 202
200107074,HS 248
200104006,HS 251
200104054,HS 248
200107070,HS 248
200103034,HS 248
200121041,HS 247
200107006,HS 248
200104078,HS 222
200102076,HS 248
200104040,HS 222
200103038,HS 248
200103053,HS 251
200103119,HS 248
200107069,HS 202
200108049,HS 248
200102054,HS 247
200103091,HS 239
200101059,HS 202
200102049,HS 248
200122061,HS 248
200106049,HS 248
200102047,HS 251
200122015,HS 222
200102101,HS 239
200122058,HS 248
200104077,HS 247
200104101,HS 248
200103082,HS 248
200102066,HS 248
200104107,HS 248
200104086,HS 222
200101005,HS 248
200103049,HS 247
200102059,HS 251
200107011,HS 248
200103019,HS 248
200104027,HS 248
200104074,HS 251
200103042,HS 251
200101030,HS 247
200102078,HS 251
200102062,HS 247
200106022,HS 248
200122065,HS 248
200123070,HS 247
200108018,HS 248
200102103,HS 248
200123071,HS 251
200121020,HS 239
200102003,HS 202
200103084,HS 235
200123046,HS 202
200205044,HS 247
200103105,HS 247
200205014,HS 248
200101065,HS 247
200106034,HS 247
200104018,HS 248
200205032,HS 248
200103007,HS 248
200103029,HS 247
200108073,HS 248
200106014,HS 251
200108006,HS 251
200108037,HS 239
200107042,HS 222
200101068,HS 251
200107083,HS 239
200122055,HS 247
200103088,HS 239
200205050,HS 222
200106013,HS 202
200102044,HS 239
200103016,HS 247
200103077,HS 202
200106031,HS 247
200108036,HS 239
200107049,HS 251
200103134,HS 247
200104109,HS 251
200103121,HS 202
200122040,HS 247
200103126,HS 239
200104048,HS 251
200106062,HS 251
200102030,HS 247
200103021,HS 247
200104067,HS 251
200106029,HS 247
200122013,HS 247
200106023,HS 202
200107025,HS 202
200107028,HS 251
200106018,HS 251
200122046,HS 247
200106061,HS 251
200102002,HS 247
200104059,HS 202
200122041,HS 247
200102024,HS 251
200104009,HS 251
200101063,HS 222
200122035,HS 251
200107018,HS 222
200108015,HS 202
200104073,HS 222
200107044,HS 251
200107067,HS 239
200104012,HS 247
200104080,HS 202
200108051,HS 247
200101023,HS 247
200102010,HS 251
200103092,HS 247
200121002,HS 247
200106073,HS 247
200101029,HS 251
200103064,HS 202
200101049,HS 239
200103106,HS 251
200123012,HS 202
200121047,HS 247
200123042,HS 247
200103028,HS 239
200107079,HS 202
200104049,HS 202
200106059,HS 202
200205020,HS 202
200106001,HS 251
200121012,HS 247
200102098,HS 247
200103127,HS 247
200205048,HS 202
200103033,HS 202
200104110,HS 239
200107036,HS 222
200101047,HS 202
200102079,HS 239
200104094,HS 239
200106035,HS 247
200101095,HS 239
200102058,HS 251
200107080,HS 202
200123051,HS 222
200108047,HS 247
200123049,HS 202
200108005,HS 222
200121013,HS 247
200101077,HS 239
200103004,HS 247
200107033,HS 202
200104069,HS 247
200104085,HS 202
200104115,HS 202
200123075,HS 247
200122009,HS 202
200104096,HS 202
200101089,HS 247
200122012,HS 247
200107038,HS 251
200103031,HS 202
200108030,HS 251
200108022,HS 202
200102065,HS 247
200123030,HS 251
200102019,HS 247
200108026,HS 235
200123021,HS 239
200121005,HS 247
200101042,HS 247
200101067,HS 222
200121011,HS 239
200122030,HS 251
200104023,HS 202
200121021,HS 247
200102025,HS 251
200121007,HS 222
200123052,HS 202
200107037,HS 222
200205028,HS 202
200205045,HS 202
200205017,HS 247
200205005,HS 235
200107043,HS 247
200102055,HS 239
200122006,HS 251
200108070,HS 239
200106068,HS 202
200122026,HS 247
200107020,HS 251
200107078,HS 202
200108024,HS 202
200108059,HS 247
200108002,HS 247
200107063,HS 247
200104022,HS 202
200108019,HS 202
200103048,HS 247
200103066,HS 202
200104010,HS 251
200104063,HS 251
200108017,HS 247
200103129,HS 251
200121066,HS 251
200108069,HS 222
200101072,HS 251
200122047,HS 239
200121040,HS 247
200123068,HS 251
200104016,HS 251
200108025,HS 247
200122018,HS 251
200102077,HS 239
200102017,HS 222
200103027,HS 251
200108044,HS 202
200121046,HS 247
200102084,HS 222
200104095,HS 251
200108029,HS 247
200103026,HS 202
200104088,HS 247
200104070,HS 239
200121029,HS 239
200106032,HS 202
200101004,HS 202
200102105,HS 251
200102022,HS 235
200121024,HS 247
200121052,HS 247
200102080,HS 247
200107008,HS 222
200101110,HS 202
200107054,HS 202
200121008,HS 239
200101041,HS 235
200121033,HS 222
200104111,HS 239
200101043,HS 247
200108028,HS 247
200103024,HS 222
200122053,HS 239
200205027,HS 222
200205029,HS 222
200108060,HS 202
200104041,HS 202
200104056,HS 202
200104105,HS 202
200108032,HS 202
200102037,HS 239
200103132,HS 222
200103068,HS 202
200103060,HS 239
200102021,HS 239
200123008,HS 239
200122019,HS 222
200101017,HS 202
200122050,HS 202
200108040,HS 222
200107068,HS 202
200103108,HS 202
200122063,HS 202
200103022,HS 235
200103130,HS 202
200103002,HS 202
200102069,HS 239
200108014,HS 202
200122062,HS 202
200122025,HS 239
200104061,HS 222
200104118,HS 202
200122056,HS 222
200123031,HS 239
200107064,HS 202
200107062,HS 202
200104020,HS 222
200106016,HS 239
200101006,HS 202
200123041,HS 222
200102033,HS 222
200103020,HS 239
200103136,HS 239
200104026,HS 222
200107051,HS 202
200104032,HS 239
200121060,HS 239
200122016,HS 202
200103023,HS 202
200103032,HS 222
200108020,HS 239
200103035,HS 235
200107022,HS 222
200107009,HS 222
200123015,HS 222
200123024,HS 222
200121019,HS 235
200123038,HS 222
200205012,HS 235
200205043,HS 222
200205018,HS 239
200205008,HS 235
200205031,HS 239
200103097,HS 239
200106006,HS 222
200103076,HS 222
200108071,HS 239
200104090,HS 239
200104043,HS 239
200108012,HS 235
200106002,HS 239
200106046,HS 222
200103089,HS 222
200108058,HS 222
200102039,HS 222
200103040,HS 222
200123048,HS 222
200103104,HS 239
200103070,HS 222
200108010,HS 235
200106040,HS 239
200107016,HS 239
200104028,HS 222
200122052,HS 239
200108055,HS 222
200104093,HS 222
200103087,HS 239
200107002,HS 222
200106052,HS 239
200122020,HS 222
200103051,HS 239
200123060,HS 222
200101074,HS 235
200106074,HS 235
200102007,HS 235
200104098,HS 239
200107019,HS 222
200101057,HS 222
200102056,HS 222
200103085,HS 235
200104060,HS 239
200104038,HS 239
200104065,HS 235
200123011,HS 222
200121035,HS 239
200103099,HS 235
200123009,HS 222
200102100,HS 239
200102052,HS 239
200107031,HS 222
200123062,HS 239
200102089,HS 239
200101028,HS 222
200205036,HS 235
200205041,HS 239
200102102,HS 239
200104034,HS 239
200106065,HS 239
200101088,HS 239
200103058,HS 235
200104030,HS 222
200102114,HS 222
200103075,HS 222
200103086,HS 222
200104011,HS 222
200106007,HS 222
200108023,HS 222
200104075,HS 222
200103014,HS 222
200103090,HS 235
200106028,HS 235
200108031,HS 222
200101034,HS 222
200121056,HS 222
200104114,HS 222
200107076,HS 222
200108013,HS 235
200205002,HS 222
200104024,HS 222
200103073,HS 235
200104013,HS 235
200205016,HS 235
200104103,HS 235
200205053,HS 235
200107075,HS 235
200108054,HS 235
200106054,HS 235
200205054,HS 235
200107040,HS 235
200103096,HS 235
200104052,HS 235
200122017,HS 235
200103050,HS 235
200123066,HS 235
200106026,HS 235
200103054,HS 235
200103025,HS 235
200106039,HS 235
200121055,HS 235
200107060,HS 235
200205051,HS 235
200102051,HS 235
200103080,HS 235
200121054,HS 235
200106036,HS 235
200107010,HS 235
200106053,HS 235
200106041,HS 235
200121006,HS 235
200102064,HS 235
200104102,HS 235
200101014,HS 235
200104058,HS 235
200102053,HS 235
200107046,HS 235
200123039,HS 235
200108007,HS 235
200122001,HS 235
200123064,HS 235
200106010,HS 235
200103015,HS 235
200123057,HS 235
200104004,HS 235
200107072,HS 235
200107047,HS 235
200121065,HS 235
200205011,HS 235
200205006,HS 235
200108048,HS 235
200101021,HS 235
200108008,HS 235
200104108,HS 235
200106066,HS 235
200106025,HS 235
200103043,HS 235
200102040,HS 235
180101029,HS 235
190121019,HS 235
170121007,HS 235
170205043,HS 235
190101095,HS 235
180108035,HS 235
170104062,HS 235
190101073,HS 235
180103072,HS 235
180121045,HS 235
190101071,HS 235
180103060,HS 235
220101116,HS 125
220150019,HS 123
220123074,HS 125
220123012,HS 139
220101032,HS 125
220101066,HS 125
220101091,HS 125
220101120,HS 123
220101118,HS 123
220101035,HS 123
220101119,HS 135
220101062,HS 125
220101050,HS 125
220123076,HS 123
220101122,HS 125
220150032,HS 123
220150035,HS 123
220150031,HS 123
220150034,HS 123
220101017,HS 123
220101121,HS 125
220101125,HS 125
220102111,HS 125
220150033,HS 135
220101117,HS 125
220102094,HS 125
220101123,HS 123
220101063,HS 125
220101099,HS 123
220102088,HS 125
220101025,HS 138
220101102,HS 123
220102059,HS 125
220123078,HS 123
220123010,HS 125
220102091,HS 125
220101124,HS 123
220102110,HS 125
220101115,HS 123
220101090,HS 125
220101098,HS 123
220121013,HS 125
220101003,HS 125
220101074,HS 123
220101089,HS 125
220102115,HS 125
220123082,HS 123
220101033,HS 123
220123001,HS 123
220101021,HS 125
220107054,HS 125
220102077,HS 123
220101059,HS 125
220101022,HS 125
220102039,HS 125
220102106,HS 125
220123008,HS 123
220123075,HS 125
220102107,HS 123
220101077,HS 125
220102109,HS 125
220102113,HS 125
220101002,HS 125
220101093,HS 123
220123064,HS 123
220121026,HS 125
220150016,HS 123
220101016,HS 125
220101101,HS 125
220102063,HS 125
220102108,HS 138
220123077,HS 123
220103019,HS 125
220101106,HS 125
220102060,HS 125
220101092,HS 123
220205026,HS 138
220150015,HS 136
220102018,HS 125
220102117,HS 125
220102016,HS 125
220102027,HS 123
220102084,HS 125
220106001,HS 125
220123080,HS 123
220102114,HS 125
220103037,HS 125
220150006,HS 125
220101075,HS 125
220123004,HS 123
220102045,HS 125
220205021,HS 138
220102092,HS 125
220102112,HS 123
220102124,HS 123
220205002,HS 138
220123032,HS 125
220102015,HS 123
220102041,HS 123
220123044,HS 123
220123059,HS 123
220102079,HS 123
220104024,HS 125
220107052,HS 123
220102078,HS 125
220150025,HS 136
220205031,HS 138
220102118,HS 125
220121002,HS 125
220104023,HS 125
220102023,HS 123
220123035,HS 123
220101014,HS 125
220102122,HS 125
220102125,HS 125
220205009,HS 138
220205023,HS 107
220107096,HS 125
220101054,HS 123
220205050,HS 135
220108047,HS 125
220102051,HS 125
220122030,HS 123
220123039,HS 107
220101095,HS 138
220101034,HS 123
220101104,HS 125
220103124,HS 123
220102120,HS 125
220101076,HS 125
220101083,HS 125
220121043,HS 125
220101107,HS 125
220108053,HS 123
220123081,HS 125
220101045,HS 123
220103024,HS 125
220102119,HS 125
220107044,HS 125
220103104,HS 125
220121051,HS 125
220103043,HS 136
220102121,HS 125
220123047,HS 125
220106086,HS 123
220104109,HS 123
220205011,HS 138
220102116,HS 125
220108070,HS 125
220123083,HS 123
220108029,HS 125
220108067,HS 125
220108076,HS 125
220101109,HS 123
220205038,HS 138
220205013,HS 138
220205051,HS 135
220103105,HS 156
220102003,HS 125
220108066,HS 125
220108071,HS 125
220101078,HS 123
220205008,HS 138
220104102,HS 125
220108069,HS 125
220107102,HS 125
220123067,HS 123
220102071,HS 125
220101071,HS 123
220102089,HS 123
220108011,HS 123
220107027,HS 125
220205034,HS 123
220121069,HS 123
220205052,HS 107
220108065,HS 125
220108074,HS 125
220104018,HS 138
220104084,HS 138
220102032,HS 135
220108009,HS 125
220107099,HS 125
220101015,HS 125
220101039,HS 125
220107038,HS 123
220205047,HS 107
220123016,HS 123
220103001,HS 136
220101051,HS 138
220205041,HS 138
220108013,HS 123
220103103,HS 123
220102021,HS 135
220102043,HS 135
220108037,HS 135
220103014,HS 123
220104106,HS 123
220104022,HS 123
220108042,HS 135
220101080,HS 156
220103125,HS 136
220107004,HS 123
220107106,HS 123
220101018,HS 123
220101073,HS 123
220103061,HS 123
220123009,HS 123
220205045,HS 135
220103062,HS 156
220103122,HS 123
220108001,HS 136
220108002,HS 123
220103116,HS 138
220123066,HS 123
220123069,HS 123
220101029,HS 135
220108007,HS 136
220108027,HS 138
220107053,HS 123
220107100,HS 123
220107101,HS 123
220104037,HS 156
220108073,HS 123
220150011,HS 123
220123062,HS 123
220104101,HS 135
220101041,HS 123
220101058,HS 123
220104003,HS 123
220205020,HS 138
220101096,HS 123
220107003,HS 123
220102010,HS 136
220101094,HS 123
220107104,HS 123
220104046,HS 136
220151013,HS 123
220123011,HS 123
220101111,HS 138
220205055,HS 138
220103056,HS 123
220150013,HS 107
220121007,HS 136
220102123,HS 123
220151005,HS 136
220107026,HS 136
220107079,HS 135
220150021,HS 123
220122062,HS 138
220123034,HS 123
220104074,HS 135
220104088,HS 123
220102057,HS 123
220150010,HS 123
220205025,HS 134
220104090,HS 136
220104100,HS 156
220103098,HS 156
220102093,HS 136
220205032,HS 138
220103038,HS 136
220102025,HS 136
220108017,HS 138
220101020,HS 135
220205022,HS 139
220107082,HS 136
220150001,HS 138
220103099,HS 156
220108072,HS 136
220123015,HS 138
220104043,HS 107
220205019,HS 139
220103126,HS 156
220107035,HS 156
220122037,HS 156
220123017,HS 156
220123026,HS 156
220102070,HS 135
220108019,HS 135
220121061,HS 135
220101068,HS 135
220107105,HS 156
220108015,HS 136
220103026,HS 138
220103123,HS 156
220101056,HS 138
220123002,HS 156
220103088,HS 156
220107032,HS 138
220107097,HS 156
220103118,HS 138
220123079,HS 136
220121047,HS 138
220101047,HS 136
220122015,HS 156
220102075,HS 138
220103102,HS 156
220107103,HS 156
220102072,HS 135
220108062,HS 136
220205036,HS 139
220150030,HS 136
220121041,HS 107
220101112,HS 136
220103108,HS 135
220104098,HS 156
220107063,HS 107
220102022,HS 156
220107005,HS 156
220102085,HS 156
220103071,HS 136
220106025,HS 138
220205012,HS 134
220205010,HS 107
220205017,HS 138
220102028,HS 138
220151017,HS 138
220104026,HS 156
220107050,HS 131
220104034,HS 156
220104103,HS 156
220102047,HS 138
220103007,HS 136
220107049,HS 131
220106081,HS 156
220121071,HS 135
220103018,HS 136
220103035,HS 156
220101087,HS 138
220108030,HS 136
220108059,HS 135
220107016,HS 156
220102052,HS 135
220101008,HS 135
220107078,HS 138
220123068,HS 107
220102076,HS 135
220150027,HS 136
220103048,HS 136
220103120,HS 135
220106075,HS 136
220101044,HS 136
220104077,HS 156
220123007,HS 156
220205016,HS 138
220103090,HS 136
220104006,HS 156
220107041,HS 135
220101114,HS 135
220205049,HS 135
220107107,HS 156
220123030,HS 138
220101038,HS 135
220104107,HS 107
220108043,HS 136
220103130,HS 138
220101010,HS 156
210104055,HS 135
220104048,HS 136
220123020,HS 156
220106028,HS 135
220123027,HS 139
220108006,HS 135
220151015,HS 156
220101085,HS 156
220108022,HS 135
220103113,HS 138
220104019,HS 138
220150005,HS 107
220123006,HS 135
220103057,HS 136
220205039,HS 138
220103030,HS 107
220123041,HS 156
220205006,HS 134
220103085,HS 156
220104039,HS 156
220101113,HS 135
220106089,HS 136
220123024,HS 136
220107034,HS 156
220102090,HS 156
220103121,HS 136
220103128,HS 131
220101048,HS 135
220107056,HS 156
220122027,HS 156
220122029,HS 138
220123058,HS 107
220102008,HS 156
220104012,HS 156
220101007,HS 135
220103047,HS 138
220205030,HS 107
220107072,HS 139
220101070,HS 156
220108057,HS 156
220121042,HS 138
220103094,HS 138
220107098,HS 135
220123003,HS 107
220123071,HS 135
220102074,HS 139
220121057,HS 136
220103129,HS 156
220103131,HS 156
220106026,HS 156
220205018,HS 134
220103070,HS 135
220123072,HS 138
220102038,HS 136
220108051,HS 135
220107019,HS 156
220104053,HS 138
220123043,HS 135
220102035,HS 138
220108016,HS 136
220107070,HS 156
220101043,HS 138
220108028,HS 135
220102030,HS 135
220108031,HS 136
220104035,HS 136
220106042,HS 156
220107007,HS 156
220123042,HS 135
220104015,HS 136
220103045,HS 138
220103083,HS 107
220103086,HS 134
220123023,HS 136
220108049,HS 138
220205033,HS 138
220121030,HS 156
220102067,HS 136
220103010,HS 135
220205037,HS 107
220151018,HS 138
220104064,HS 134
220104081,HS 156
220107059,HS 134
220123046,HS 156
220108018,HS 156
220108058,HS 138
220104104,HS 156
220106008,HS 107
220205015,HS 138
220150008,HS 135
220103017,HS 107
220103089,HS 156
220205027,HS 138
220103009,HS 138
220103040,HS 135
220103101,HS 156
220104055,HS 156
220108063,HS 136
220150012,HS 135
220101027,HS 135
220101036,HS 135
220107062,HS 134
220106035,HS 138
220102049,HS 138
220102099,HS 136
220107068,HS 135
200108034,HS 138
220121062,HS 136
220102012,HS 156
220151019,HS 156
220205035,HS 138
220107046,HS 131
220107066,HS 135
220123051,HS 156
220123073,HS 136
220103025,HS 136
220101067,HS 136
220205005,HS 139
220107015,HS 156
220123021,HS 135
220103012,HS 156
220106061,HS 136
220106062,HS 156
220150028,HS 136
220102007,HS 156
220101088,HS 135
220122058,HS 156
220103134,HS 156
220103135,HS 156
220106005,HS 156
220106085,HS 136
220122045,HS 156
220121001,HS 156
220121053,HS 156
220102101,HS 138
220103133,HS 156
220121005,HS 156
220122033,HS 135
220103107,HS 107
220103112,HS 138
220104072,HS 156
220101060,HS 136
220103106,HS 135
220103127,HS 156
220106070,HS 138
220106078,HS 156
220104108,HS 135
220107085,HS 136
220104067,HS 135
220103003,HS 138
220107094,HS 136
220103079,HS 156
220103132,HS 156
220107108,HS 135
220121072,HS 135
220103117,HS 156
220101065,HS 135
220102009,HS 136
220102031,HS 136
220123022,HS 138
220103091,HS 136
220122054,HS 156
220121034,HS 156
220121054,HS 156
220101057,HS 138
220102053,HS 136
220103119,HS 135
220205040,HS 136
220108005,HS 107
220108008,HS 136
220123055,HS 156
220104095,HS 136
220151014,HS 138
220104041,HS 156
220104080,HS 138
220104093,HS 136
220104068,HS 135
220102001,HS 138
220121040,HS 107
220122032,HS 135
220123013,HS 138
220107042,HS 136
220107020,HS 156
220123037,HS 107
220104028,HS 156
220151007,HS 138
220101040,HS 156
220102061,HS 138
220102064,HS 138
220205004,HS 136
220106088,HS 136
220121073,HS 138
220122013,HS 156
220101042,HS 135
220106051,HS 138
220107012,HS 138
220205048,HS 138
220106016,HS 156
220102062,HS 136
220121003,HS 156
220106010,HS 138
220107018,HS 107
220107037,HS 138
220123029,HS 138
220101009,HS 135
220106054,HS 136
220104066,HS 136
220101108,HS 138
220205007,HS 138
220205024,HS 138
220121059,HS 107
220103049,HS 134
220107048,HS 135
220102036,HS 139
220122057,HS 135
220104056,HS 138
220104110,HS 136
220101086,HS 139
220121056,HS 136
220107089,HS 136
220108026,HS 136
220123038,HS 135
220103065,HS 138
220108055,HS 138
220102073,HS 136
220106084,HS 136
220103050,HS 136
220106059,HS 107
220104002,HS 136
220122024,HS 135
220106046,HS 138
220102034,HS 138
220103053,HS 138
220151020,HS 138
220101082,HS 136
220104060,HS 107
220106004,HS 135
210102097,HS 136
220104004,HS 135
220108044,HS 136
220103136,HS 136
220122035,HS 139
220102006,HS 136
220103023,HS 107
220103087,HS 136
220205042,HS 136
220101061,HS 139
220108003,HS 107
220108032,HS 136
220103055,HS 139
220107076,HS 136
220102013,HS 136
220106077,HS 138
220107065,HS 107
220108035,HS 136
220101069,HS 136
220104013,HS 136
220107088,HS 135
220122001,HS 136
220106024,HS 107
220104030,HS 138
220122063,HS 138
220123065,HS 136
220103109,HS 139
220104069,HS 136
220123005,HS 107
220121066,HS 135
220106039,HS 136
220122044,HS 135
220103027,HS 135
220103066,HS 135
220104054,HS 107
220101012,HS 136
220150003,HS 139
220103054,HS 139
220122047,HS 135
220101030,HS 135
220104009,HS 107
220106022,HS 107
220107064,HS 135
220107084,HS 139
220122040,HS 139
220122043,HS 135
220106082,HS 135
220104071,HS 139
220107086,HS 135
220107093,HS 135
220106093,HS 107
220104001,HS 135
220104057,HS 107
220104114,HS 135
220103015,HS 139
220106091,HS 135
220101026,HS 135
220205046,HS 135
220122007,HS 107
220122052,HS 135
220102069,HS 135
220151003,HS 135
220103114,HS 107
220150007,HS 107
220103063,HS 131
220101072,HS 107
220101100,HS 139
220107021,HS 107
220150022,HS 107
220106064,HS 131
220103137,HS 107
220102055,HS 107
220106033,HS 107
220106067,HS 107
220101028,HS 139
220103004,HS 107
220104061,HS 139
220101019,HS 107
220102081,HS 107
220106092,HS 139
220102086,HS 134
220108036,HS 131
220121044,HS 107
220107025,HS 131
220104086,HS 134
220123033,HS 131
220151002,HS 131
220122014,HS 139
220122034,HS 139
220121023,HS 139
220103022,HS 139
220107095,HS 139
220123053,HS 107
220102054,HS 107
220104063,HS 107
220104087,HS 107
220121021,HS 107
220103020,HS 107
220107043,HS 131
220104105,HS 139
220150026,HS 139
220107022,HS 107
220107036,HS 134
220122039,HS 107
220104075,HS 107
220108021,HS 131
220103042,HS 139
220108048,HS 139
220108052,HS 107
220103008,HS 107
220106083,HS 139
220151010,HS 134
220103080,HS 107
220104007,HS 107
220104097,HS 139
220122010,HS 107
220122065,HS 107
220121012,HS 107
220205044,HS 139
220103074,HS 131
220121004,HS 107
220121029,HS 139
220106020,HS 134
220121035,HS 139
220101046,HS 139
220102103,HS 107
220150024,HS 107
220103075,HS 107
220103039,HS 139
220123048,HS 134
220102050,HS 139
210107096,HS 139
220121050,HS 139
220104032,HS 139
220121017,HS 107
220121018,HS 107
220150018,HS 131
220106068,HS 134
220104027,HS 107
220104042,HS 134
220102037,HS 139
220122008,HS 107
220103138,HS 139
220122004,HS 139
220122053,HS 139
220107023,HS 131
220107047,HS 107
220106037,HS 107
220102002,HS 107
220122021,HS 107
220103100,HS 107
220122064,HS 139
220102102,HS 139
220107077,HS 139
220121025,HS 131
220121058,HS 107
220103077,HS 107
220205001,HS 139
220108039,HS 107
220104016,HS 131
220101103,HS 139
220121039,HS 107
220104017,HS 107
220106057,HS 139
220103034,HS 107
220107055,HS 131
220103032,HS 131
220102100,HS 131
220108020,HS 107
220103068,HS 107
220104049,HS 131
220104010,HS 107
220122011,HS 107
220122031,HS 131
220123054,HS 107
220151001,HS 139
220106087,HS 139
220107087,HS 139
220122051,HS 139
220107057,HS 107
220107067,HS 131
220106073,HS 107
220102020,HS 107
220106013,HS 107
220123052,HS 131
220101110,HS 107
220106076,HS 139
220102042,HS 131
220108054,HS 107
220205003,HS 139
220106034,HS 107
220107069,HS 139
220123060,HS 139
220104051,HS 131
220104111,HS 134
220106015,HS 139
220101055,HS 134
220104085,HS 139
220103044,HS 131
220121055,HS 131
220107074,HS 134
220102044,HS 139
220104112,HS 131
220104116,HS 134
220122005,HS 139
220107051,HS 139
220102087,HS 139
220107091,HS 139
220121016,HS 134
220104115,HS 139
220103095,HS 134
220107024,HS 139
220123019,HS 131
220121063,HS 131
220108061,HS 139
220106045,HS 139
220103059,HS 139
220108064,HS 139
220121006,HS 131
220103029,HS 131
220104052,HS 139
220106047,HS 139
220122050,HS 139
220122023,HS 139
220104011,HS 139
210108028,HS 139
220107008,HS 134
220106066,HS 139
220121031,HS 134
220121032,HS 139
220101053,HS 139
220101079,HS 131
220103028,HS 139
220106014,HS 139
220102033,HS 131
220106071,HS 139
220107031,HS 134
220121048,HS 139
220107073,HS 134
220122059,HS 134
220106060,HS 134
220123018,HS 131
220101097,HS 134
220103046,HS 139
220122003,HS 139
220103060,HS 139
220101049,HS 139
220108034,HS 139
220121020,HS 139
220106032,HS 131
220122025,HS 131
220106012,HS 131
210108013,HS 131
220106006,HS 131
220107010,HS 139
220104031,HS 134
220121037,HS 134
220151009,HS 134
220151016,HS 131
220104058,HS 139
220122041,HS 139
220106030,HS 139
220106063,HS 139
220102083,HS 131
220107033,HS 131
220122036,HS 134
220123061,HS 131
220106052,HS 131
220104083,HS 131
220122002,HS 131
220122012,HS 131
220123040,HS 131
220121019,HS 131
220108060,HS 131
220107092,HS 134
220150002,HS 134
220102029,HS 134
220106050,HS 131
220104070,HS 134
220104025,HS 131
210106016,HS 134
220121067,HS 131
220104113,HS 131
220106009,HS 131
220150029,HS 131
220103064,HS 131
220106031,HS 134
220104079,HS 131
220101037,HS 131
220102046,HS 134
220122038,HS 131
210106035,HS 134
220103096,HS 134
220106079,HS 131
220121045,HS 131
220150017,HS 134
220122018,HS 131
220101006,HS 134
220104082,HS 134
220103006,HS 131
220101011,HS 131
220121033,HS 131
220103078,HS 131
220107011,HS 134
220107058,HS 131
220106041,HS 134
220106048,HS 134
220108014,HS 131
220106018,HS 134
220107039,HS 134
220151011,HS 131
220103081,HS 134
220107061,HS 131
220101023,HS 131
210101106,HS 131
220122060,HS 131
220106029,HS 131
220104036,HS 131
220102082,HS 134
220103036,HS 131
220106040,HS 134
220106065,HS 131
220104050,HS 131
220104059,HS 134
220121022,HS 131
220102080,HS 131
220103115,HS 134
220108010,HS 134
180121045,HS 131
220106019,HS 134
220104047,HS 131
220102005,HS 131
170101023,HS 131
220101004,HS 131
190103021,HS 134
220106053,HS 131
220103073,HS 134
220107014,HS 131
220150009,HS 131
190101073,HS 134
220106056,HS 131
220123014,HS 131
220122009,HS 134
220104078,HS 134
220106080,HS 131
220108025,HS 131
220123025,HS 134
220106017,HS 131
220101031,HS 134
220102105,HS 131
220123036,HS 131
220106036,HS 134
220101013,HS 134
220122042,HS 134
220101001,HS 134
220106023,HS 134
220122026,HS 134
200102094,HS 134
220106049,HS 134
220102024,HS 134
220102095,HS 134
220123049,HS 134
220122022,HS 134
220101081,HS 134
220108004,HS 134
220108024,HS 134
180103060,HS 134
220121038,HS 134
220103041,HS 134
220123057,HS 134
220102104,HS 134
220106044,HS 134
220101084,HS 134
220102019,HS 134
220101105,HS 134
220121024,HS 134
220101052,HS 134